Genre,Ville,Âge,Revenu,Tolérance au Risque,Objectif Financier,Secteur Préféré,Fréquence d'Investissement,Domaine Recommandé,invest_startups,invest_obligations,invest_etf,invest_matières premières,invest_investissement socialement responsable,invest_fundraising,invest_immobilier,invest_actions,invest_cryptomonnaies
0,7,48,91061.68,2,2,5,1,0,0,1,0,0,0,0,0,1,0
1,4,60,95493.18,1,6,4,2,4,0,0,1,0,0,1,0,0,0
0,6,40,84344.87,2,2,2,1,0,0,1,0,0,0,0,1,0,0
0,2,44,59332.79,1,2,3,2,3,0,1,0,0,0,0,0,1,0
0,5,40,75818.07,2,0,5,2,2,0,0,1,0,0,1,1,0,0
1,2,47,90100.55,2,2,2,1,2,1,1,0,0,0,1,0,0,1
1,2,36,53746.83,1,4,2,2,2,0,0,0,0,0,0,1,0,1
0,7,39,44360.57,1,0,3,2,3,0,1,0,0,0,0,0,1,1
0,7,56,58472.63,1,6,3,2,3,0,0,0,0,0,0,0,0,1
0,3,30,44829.32,2,3,3,0,3,0,1,1,0,0,0,1,1,0
1,7,37,93985.93,2,2,5,1,0,0,0,1,0,0,0,0,0,1
1,2,54,100654.2,2,2,5,1,2,1,1,0,1,0,0,0,0,0
0,4,28,28744.41,1,5,0,2,4,0,1,1,0,0,0,1,0,0
1,4,47,53187.88,1,2,6,2,2,0,0,0,1,0,0,1,0,0
0,7,47,71747.28,1,2,5,2,2,0,0,1,0,0,0,0,1,0
1,7,32,62665.18,2,3,5,2,2,0,1,0,0,0,0,0,1,0
1,5,40,36578.27,1,4,4,2,4,0,1,0,0,1,0,0,0,0
1,7,42,71771.53,2,0,5,2,0,0,0,0,1,0,0,1,1,0
1,7,41,69632.67,2,4,5,2,2,0,0,1,0,0,0,0,0,1
0,1,35,27404.94,1,0,4,2,4,0,1,0,0,0,0,1,0,0
0,7,42,47303.32,1,2,1,2,4,0,0,0,0,0,0,1,1,0
0,9,25,17976.85,1,1,3,2,3,0,0,0,0,0,1,1,0,0
0,7,28,35526.27,1,3,3,2,3,0,0,1,0,0,0,1,0,0
0,5,25,27531.57,1,5,3,2,3,0,0,0,0,0,0,1,0,0
1,5,25,46042.83,2,5,5,0,0,0,1,1,0,0,1,1,0,0
0,3,44,58904.68,1,2,0,2,4,0,1,0,0,0,0,0,1,0
1,6,58,94441.65,1,2,2,2,2,0,0,1,0,0,0,0,1,0
1,3,25,28302.67,1,1,3,2,3,0,1,1,0,0,0,0,0,0
1,6,25,20225.74,1,1,1,2,4,0,1,0,0,0,0,0,1,0
1,0,42,59039.25,1,4,3,2,3,0,1,1,0,0,0,0,1,0
0,5,46,30621.87,1,2,6,2,2,0,0,0,0,0,0,1,0,1
0,9,25,17487.35,1,5,3,2,3,0,1,0,0,0,0,0,0,1
1,4,47,66259.25,1,2,3,2,3,0,0,1,0,0,0,1,0,0
1,7,49,98098.27,2,0,2,1,2,0,1,0,0,0,1,1,0,0
1,7,48,78073.76,1,2,2,2,2,0,0,1,1,0,0,0,1,0
1,4,39,41218.7,1,4,3,2,3,0,0,0,0,0,0,1,1,0
0,7,45,69911.9,1,4,5,2,0,0,1,0,0,0,0,0,0,0
0,9,34,39037.31,1,1,4,2,4,1,0,0,0,0,0,1,1,0
1,7,31,57565.84,2,1,2,2,0,1,1,1,0,0,0,0,0,0
1,2,42,76926.53,2,4,2,2,0,0,1,0,0,0,1,1,0,0
1,7,51,90080.7,2,2,6,1,2,0,0,1,0,0,0,0,1,0
0,4,41,42074.0,1,4,2,2,0,0,0,0,0,0,0,1,1,0
1,3,57,64569.27,1,2,1,2,4,0,0,1,0,0,0,1,1,0
0,7,50,93859.06,2,2,5,1,0,0,1,1,0,0,0,1,1,0
0,7,25,38780.28,2,1,4,0,4,0,0,1,0,0,0,0,1,0
0,7,56,73526.68,1,2,3,2,3,0,1,0,0,0,0,1,0,0
1,7,36,91819.98,2,4,2,1,0,0,0,0,0,0,0,1,1,0
1,7,43,37174.28,1,2,4,2,4,0,0,1,0,0,0,1,0,0
1,2,25,35349.89,2,3,0,0,4,0,0,1,0,0,0,0,1,0
0,9,34,34017.68,1,1,1,2,4,0,0,0,0,0,0,0,1,0
1,7,40,44470.28,1,0,2,2,2,0,1,0,0,0,0,0,1,0
0,7,49,83473.02,1,4,3,2,3,0,0,0,0,0,0,0,1,0
0,9,39,37592.53,1,0,0,2,4,0,0,0,0,0,0,0,1,0
1,7,38,75545.28,2,4,6,2,1,0,1,0,0,0,0,1,1,0
1,6,29,50617.82,2,1,5,2,0,0,1,0,0,0,0,0,1,1
0,1,43,43069.91,1,2,0,2,4,0,1,0,1,0,0,0,1,0
1,2,40,82416.23,2,4,2,1,2,0,1,1,0,0,0,0,0,1
0,5,70,91030.27,1,2,4,2,4,0,0,1,0,0,1,0,0,1
0,7,25,50264.48,2,1,5,2,0,0,1,0,0,0,0,1,1,1
0,6,67,140839.26,2,2,6,1,0,0,1,0,0,0,0,1,1,0
0,3,33,39709.12,1,1,3,2,3,0,0,0,0,0,0,0,1,1
0,5,48,64969.83,1,4,6,2,2,1,0,0,1,0,0,0,0,1
0,7,30,73390.21,2,1,6,2,1,0,0,0,0,0,0,1,1,0
1,5,25,53376.12,2,1,5,2,0,1,1,1,0,0,0,0,0,1
1,8,41,38853.37,1,0,0,2,4,0,1,0,1,0,0,1,0,0
0,5,25,18113.8,1,5,3,2,3,0,1,0,0,0,0,0,1,0
0,2,44,39439.23,1,4,1,2,4,0,1,0,0,0,0,0,0,1
0,7,36,63897.75,2,2,6,2,0,1,1,0,0,0,0,0,0,0
1,3,49,46438.55,1,2,4,2,4,0,1,1,0,0,0,1,0,0
1,9,40,23374.31,1,4,0,2,4,0,0,1,0,0,1,1,0,0
0,9,33,36820.27,1,1,0,2,4,0,1,0,0,0,0,1,0,0
1,5,26,31901.5,1,1,3,2,3,0,0,0,0,0,0,0,1,1
0,3,58,130784.02,2,2,2,1,2,0,1,1,0,0,0,1,0,0
0,9,54,76115.15,1,2,4,2,4,0,0,0,0,0,0,1,0,1
0,5,48,46198.42,1,2,3,2,3,0,0,0,0,0,0,0,1,1
1,7,64,85898.09,1,2,3,2,3,0,0,1,0,0,0,1,1,0
1,2,56,110162.68,2,6,5,1,2,0,1,0,0,0,1,0,0,1
0,8,39,71214.78,2,4,5,2,0,0,0,0,0,0,1,1,0,1
1,9,70,50806.4,0,6,3,2,3,1,0,0,0,0,1,0,0,0
0,7,51,107730.66,2,6,5,1,0,0,0,1,0,1,0,0,1,0
1,7,54,84757.14,1,2,2,2,2,0,0,0,0,0,0,0,1,1
1,7,37,46740.68,1,2,4,2,4,0,1,0,1,0,0,0,1,0
1,6,39,57473.29,1,4,3,2,3,0,0,0,0,0,0,0,1,0
0,8,49,36986.2,1,4,3,2,3,0,0,1,0,0,0,0,1,0
0,8,30,45703.08,2,3,2,0,2,0,0,0,0,0,0,1,1,0
1,9,40,61719.43,1,2,3,2,3,0,0,1,0,0,0,0,0,0
0,7,25,48316.9,2,3,5,0,0,1,0,0,0,0,0,1,1,1
1,7,51,56550.15,1,6,3,2,3,0,1,0,0,0,0,1,1,0
1,0,63,62261.53,1,6,3,2,3,0,1,0,0,0,0,0,1,0
0,7,40,79640.99,2,2,2,2,0,0,0,0,0,0,1,1,0,1
0,3,47,55452.81,1,4,6,2,0,0,0,1,0,0,0,1,0,1
1,7,32,47976.39,2,3,6,0,2,0,0,1,0,0,0,1,0,1
0,0,41,70497.71,2,2,5,2,2,0,1,0,0,1,0,1,0,1
0,7,49,104957.33,2,0,2,1,2,0,1,1,0,0,0,1,0,0
1,6,25,49273.86,2,1,6,0,2,0,1,1,1,0,0,0,1,0
1,2,43,49592.25,1,2,3,2,3,0,0,0,0,0,1,0,0,0
1,7,55,136358.46,2,6,2,1,2,0,0,1,1,0,0,0,0,1
1,2,51,70825.7,1,2,5,2,2,0,1,0,0,0,0,0,1,0
0,3,40,50484.12,1,2,0,2,4,0,1,0,0,0,0,1,0,1
1,7,25,33919.54,2,5,1,0,4,0,0,0,0,0,0,0,1,1
0,7,49,25672.71,1,4,3,2,3,0,1,0,0,0,0,0,1,0
1,1,29,37416.84,1,5,4,2,4,0,0,0,1,0,0,1,1,0
1,2,28,53174.5,2,5,6,2,2,0,1,0,0,0,1,0,1,0
0,7,44,66475.79,1,0,3,2,3,0,1,1,0,0,0,0,0,0
1,0,43,67301.53,1,2,3,2,3,0,1,0,0,0,0,1,0,1
1,2,59,114528.07,2,2,5,1,2,1,1,0,0,0,1,0,0,0
0,8,43,55199.37,1,2,5,2,2,1,0,0,0,0,0,0,0,0
1,3,34,39729.18,1,5,3,2,3,0,1,0,0,0,0,1,1,0
1,3,50,42959.31,1,6,3,2,3,0,0,1,0,0,0,0,1,0
0,7,40,74777.96,2,0,2,2,2,0,0,1,0,0,0,0,0,1
1,5,33,46967.34,1,3,3,2,3,0,0,0,0,0,0,1,1,0
0,2,70,141330.39,2,2,6,1,0,0,1,0,0,1,0,1,1,0
1,9,30,43093.18,1,5,2,2,2,0,0,0,0,0,0,0,1,0
0,7,39,78534.95,2,0,6,2,5,0,1,1,0,0,0,0,0,0
0,3,25,6063.63,1,1,3,2,3,0,0,0,0,0,1,1,0,0
0,7,67,130630.59,2,2,2,1,0,0,0,1,0,0,0,1,1,0
0,9,27,25403.06,1,5,4,2,4,0,0,0,0,0,0,0,1,1
0,7,33,72449.78,2,5,2,2,0,0,1,0,0,0,0,1,1,0
1,3,47,40694.96,1,4,5,2,0,0,1,1,0,0,0,0,0,1
1,2,41,28702.34,1,2,2,2,2,0,1,0,0,0,0,1,1,0
0,9,31,25482.99,1,5,3,2,3,0,1,0,0,0,0,1,0,0
1,7,34,59911.28,2,1,5,2,2,1,1,0,0,0,0,0,1,0
1,6,35,79530.69,2,4,2,2,0,0,0,0,0,0,0,0,1,0
1,4,48,69393.25,1,4,2,2,2,0,1,1,0,0,0,1,0,0
1,7,67,142950.04,2,2,5,1,0,0,1,0,0,0,0,0,0,1
1,9,43,70147.9,1,2,6,2,2,0,0,0,0,0,0,1,1,1
0,2,26,31018.61,1,1,1,2,4,0,1,0,0,0,0,1,0,1
1,3,52,68998.73,1,2,3,2,3,0,0,0,0,0,0,0,1,0
1,1,25,20846.76,1,1,3,2,3,0,1,0,0,0,0,0,1,1
1,7,26,45822.9,2,1,3,0,3,1,0,1,0,0,0,1,1,1
0,6,51,74762.75,1,2,6,2,2,0,1,0,0,0,0,0,0,1
0,6,53,90740.36,1,2,5,2,2,0,0,0,0,0,0,0,1,0
0,7,48,48214.13,1,2,4,2,4,0,1,0,0,0,0,0,0,0
0,6,55,40712.93,1,6,4,2,4,1,0,1,0,0,0,0,0,1
1,2,45,148754.26,2,0,6,1,2,0,0,0,0,0,1,1,1,1
1,1,41,49040.49,1,2,1,2,4,0,0,0,1,0,0,0,1,0
0,2,25,37585.9,2,3,3,0,3,1,0,0,0,0,0,0,1,0
1,7,30,57317.14,2,1,2,2,2,0,0,1,1,1,0,1,1,0
1,6,43,68831.66,1,0,5,2,2,0,1,0,0,0,0,0,1,0
0,5,48,46850.15,1,2,2,2,2,0,1,0,1,0,0,1,0,0
0,4,50,27994.27,1,6,4,2,4,0,1,0,0,0,0,0,1,0
0,6,55,67832.05,1,2,3,2,3,1,1,0,0,0,0,0,0,0
0,7,25,33703.82,2,1,1,0,4,0,1,1,0,0,0,0,1,0
1,9,33,46430.06,1,5,5,2,0,0,0,1,0,0,0,1,0,0
1,0,43,44927.73,1,2,1,2,4,0,0,0,0,0,0,0,1,0
0,9,49,66845.5,1,0,3,2,3,0,0,1,0,0,0,0,1,0
0,0,36,46072.71,1,2,3,2,3,0,1,0,0,0,0,1,1,0
0,2,49,81059.02,1,4,2,2,2,0,1,1,0,0,0,0,0,0
0,2,25,37398.98,2,1,3,0,3,0,0,0,0,0,0,1,1,1
1,8,39,57376.28,1,2,0,2,4,0,1,0,0,0,0,1,1,0
1,9,33,26635.3,1,5,0,2,4,0,0,1,0,0,1,0,0,1
1,5,25,24659.9,1,1,4,2,4,0,0,0,0,0,0,1,1,0
1,6,27,22499.08,1,1,3,2,3,0,0,1,0,0,0,0,1,0
0,3,31,53399.88,2,5,2,2,2,0,1,1,0,0,0,1,1,0
0,8,25,31273.05,1,5,1,2,4,0,0,0,0,0,0,1,1,1
1,7,34,36602.46,1,1,3,2,3,0,1,0,0,0,0,1,0,0
1,6,43,101717.22,2,0,6,1,2,0,1,1,0,0,0,0,1,0
0,7,66,81990.82,1,2,6,2,2,0,0,0,0,0,0,1,1,0
0,4,42,56207.53,1,4,5,2,2,0,0,1,1,0,1,0,0,0
1,6,28,27507.63,1,3,0,2,4,0,0,0,0,0,0,1,0,1
0,4,46,64678.61,1,2,3,2,3,0,0,1,0,0,0,0,0,0
0,7,43,67022.99,1,0,3,2,3,0,1,1,1,0,0,0,0,0
0,4,37,45834.13,1,4,5,2,2,0,0,0,0,0,1,0,1,0
0,7,46,111462.74,2,2,2,1,0,1,0,0,0,0,0,0,1,0
0,5,46,69905.97,1,0,5,2,2,0,1,1,0,0,0,1,0,0
1,9,56,76256.61,1,6,1,2,4,0,1,0,0,0,0,0,1,0
1,4,48,51817.83,1,2,3,2,3,0,1,0,1,0,0,0,0,0
1,2,49,122689.73,2,0,6,1,0,1,1,0,0,0,0,0,1,0
1,4,44,42088.81,1,4,2,2,2,0,0,0,1,0,0,0,1,1
0,0,39,24370.75,1,0,0,2,4,0,0,1,0,0,0,0,1,0
0,4,36,42672.92,1,4,5,2,2,1,1,0,0,0,0,0,1,0
1,9,44,49215.79,1,4,5,2,2,1,0,0,0,0,0,1,1,0
0,7,56,158217.46,2,2,6,1,2,0,0,1,1,0,0,1,1,0
1,2,49,121746.93,2,4,6,1,2,0,1,1,0,0,0,1,1,0
1,7,35,39619.65,1,2,5,2,2,0,1,0,1,0,0,0,0,0
1,5,29,66218.95,2,1,6,2,0,0,1,0,0,0,0,0,1,1
1,7,45,92799.77,2,2,2,1,2,1,1,0,0,0,0,0,1,0
1,9,62,32325.96,0,2,1,0,4,1,0,0,0,0,0,0,0,1
1,4,57,64222.83,1,6,2,2,2,0,1,0,0,0,0,1,1,0
1,7,25,40590.39,2,5,3,0,3,0,1,1,0,0,0,1,0,0
0,7,61,45198.86,0,2,4,0,4,1,0,0,0,0,0,0,0,1
0,9,45,33983.66,1,0,1,2,4,0,0,1,0,0,0,0,0,1
1,9,59,68881.77,1,6,3,2,3,0,0,0,0,0,0,1,1,0
1,7,44,69377.77,1,0,3,2,3,0,0,0,0,0,0,1,1,0
1,7,45,106872.19,2,2,6,1,0,0,0,0,1,0,0,1,1,1
0,2,37,67861.99,2,0,6,2,2,0,0,1,0,0,0,1,1,1
0,5,40,59664.53,1,4,5,2,2,0,1,0,0,0,0,1,0,0
0,7,43,41145.79,1,4,3,2,3,0,1,0,0,0,0,1,0,0
1,7,32,5843.11,1,1,3,2,3,0,0,1,1,0,0,0,0,1
0,7,53,109748.96,2,6,2,1,0,0,0,1,0,0,1,0,1,1
0,9,35,41083.12,1,4,3,2,3,0,0,1,0,0,1,0,1,0
0,2,26,34287.13,2,5,0,0,4,0,1,0,0,1,0,1,0,0
1,6,46,104352.76,2,2,5,1,0,0,0,1,0,0,0,0,1,1
0,2,51,95744.43,2,6,6,1,0,0,1,0,0,0,0,1,1,1
0,7,43,52846.58,1,2,2,2,2,0,0,0,0,0,1,1,0,0
0,7,45,111579.08,2,0,6,1,2,1,0,1,0,0,0,1,0,1
0,7,64,116866.81,1,6,3,2,3,0,1,1,0,0,0,0,0,0
0,7,51,106306.93,2,2,5,1,2,0,1,0,1,0,0,1,1,0
1,0,57,92940.22,1,2,3,2,3,0,1,0,0,1,0,0,0,0
1,3,70,77324.9,1,2,2,2,2,1,0,0,0,0,0,1,1,0
0,7,27,34972.89,1,5,0,2,4,0,1,0,0,0,0,0,1,0
0,7,51,106594.14,2,6,6,1,0,0,0,1,0,0,0,1,1,0
1,2,35,62287.89,2,2,5,2,2,0,1,1,0,0,0,1,0,1
0,7,39,68032.94,2,2,5,2,2,0,1,0,0,0,0,1,0,1
0,7,52,80877.8,1,2,3,2,3,0,1,0,0,0,0,0,0,1
1,2,35,20289.52,1,0,3,2,3,1,1,0,0,0,0,0,1,0
1,6,41,68619.98,2,0,5,2,0,0,1,0,0,0,0,1,1,1
0,0,47,45092.6,1,2,2,2,2,0,1,1,0,0,0,0,0,0
0,8,36,48421.61,1,4,5,2,0,1,0,0,0,0,0,1,0,0
0,7,47,62379.36,1,4,6,2,2,0,1,0,0,0,0,0,1,0
0,9,54,49248.85,1,6,3,2,3,0,0,1,0,0,0,0,1,0
0,7,46,63270.18,1,2,3,2,3,1,0,1,0,0,0,0,0,0
1,2,36,43641.17,1,2,3,2,3,0,1,1,0,0,0,0,0,0
0,9,40,51015.77,1,0,6,2,2,1,0,1,0,0,0,1,0,0
1,5,60,80812.38,1,6,3,2,3,0,0,0,1,1,0,0,1,0
1,7,35,46948.82,1,2,3,2,3,0,1,0,0,0,0,0,0,0
1,7,28,46009.93,2,1,2,0,0,0,1,0,0,0,0,0,1,0
1,7,47,85503.02,2,2,6,1,0,0,1,1,1,0,0,1,0,0
1,8,25,19113.41,1,1,3,2,3,0,0,0,0,1,0,0,1,0
1,2,35,52214.92,1,0,3,2,3,0,1,1,0,0,0,1,0,0
1,8,45,47901.88,1,0,6,2,2,0,0,1,0,0,0,1,0,0
0,2,25,15429.05,1,3,4,2,4,1,0,0,0,0,0,1,1,0
0,2,35,48893.41,1,2,1,2,4,0,0,1,0,0,0,0,1,0
1,5,28,37618.25,1,5,3,2,3,0,0,1,0,0,0,0,0,1
1,7,38,29014.7,1,4,1,2,4,0,0,0,0,0,0,0,1,1
1,7,33,68078.25,2,1,5,2,2,0,1,0,1,0,0,1,0,1
1,9,66,76753.91,1,6,3,2,3,0,0,1,1,0,0,0,1,0
1,3,36,58464.04,2,2,6,2,0,0,0,0,0,0,0,1,1,1
0,4,48,60341.93,1,4,3,2,3,1,1,0,0,0,0,0,1,0
0,4,43,63326.31,1,4,2,2,0,0,1,0,0,0,0,0,1,0
0,2,25,51074.47,2,5,2,2,2,0,1,1,0,0,0,1,1,0
1,2,38,64457.29,2,4,6,2,2,0,1,0,0,0,0,1,1,1
1,7,46,69569.51,1,0,2,2,0,0,0,0,0,0,0,1,1,0
1,5,31,38263.33,1,3,4,2,4,0,1,0,0,0,0,1,1,0
0,7,61,99461.89,1,2,2,2,2,0,0,0,0,0,1,1,1,0
1,2,29,37625.58,1,5,1,2,4,0,1,0,0,0,0,0,1,0
1,7,38,74171.37,2,2,6,2,5,1,0,0,0,0,0,1,1,0
0,9,25,19536.22,1,5,3,2,3,0,0,1,0,0,1,0,0,0
0,7,37,58626.95,1,2,2,2,2,0,1,0,0,0,0,1,0,1
0,2,43,91128.13,2,4,2,1,2,0,1,0,1,0,0,0,1,0
1,9,34,47254.91,1,5,3,2,3,0,0,0,0,0,0,1,1,0
1,3,41,70941.09,2,0,2,2,2,0,0,1,1,0,0,0,1,0
0,8,43,40575.74,1,4,6,2,2,1,1,0,0,0,0,0,0,0
1,7,25,14322.43,1,5,4,2,4,0,0,1,0,0,0,0,1,0
0,7,45,65393.22,1,0,5,2,2,0,0,1,0,0,0,0,0,0
1,8,38,44078.63,1,0,3,2,3,0,1,0,0,0,0,0,0,0
0,2,58,74285.59,1,2,3,2,3,0,0,0,0,0,0,0,1,0
1,6,37,52295.64,1,2,6,2,2,0,0,0,0,0,0,1,0,0
0,2,61,107692.15,1,2,3,2,3,0,0,1,0,0,0,0,0,1
0,3,52,44401.76,1,6,2,2,2,0,0,1,0,0,1,0,1,0
0,0,31,35473.54,1,1,3,2,3,0,1,0,0,0,0,1,1,0
0,2,65,90234.5,1,2,4,2,4,0,1,1,0,0,0,0,0,0
0,3,51,86273.39,1,2,0,2,4,0,0,1,0,0,0,0,0,1
0,6,35,45963.43,1,0,2,2,2,0,0,1,1,0,0,1,0,0
0,1,28,29839.7,1,1,3,2,3,0,0,1,0,0,0,0,1,0
1,6,44,76386.46,2,2,5,2,0,0,1,1,0,0,0,0,1,0
1,7,45,71648.72,1,4,6,2,2,0,1,0,0,0,0,0,1,1
0,7,29,65435.91,2,3,6,2,2,0,0,1,1,0,0,0,1,0
0,2,60,139762.79,2,2,5,1,0,0,1,1,0,0,0,1,1,0
1,3,28,44893.01,2,5,3,0,3,0,1,0,1,0,0,0,1,0
1,5,63,76363.29,1,2,3,2,3,0,0,1,0,0,0,0,0,0
0,2,25,24140.99,1,5,1,2,4,0,0,0,1,1,0,0,1,0
1,2,38,57534.48,1,0,5,2,2,0,1,0,0,0,0,0,1,0
1,7,31,39073.15,1,5,4,2,4,0,1,0,0,0,0,1,0,0
1,7,38,58489.25,1,2,3,2,3,0,0,1,0,0,0,1,0,0
0,7,56,64075.57,1,2,0,2,4,0,1,1,0,0,0,0,0,0
1,0,25,39516.64,2,5,3,0,3,0,1,0,0,0,0,0,1,1
0,5,38,52394.76,1,2,3,2,3,1,0,1,0,0,0,0,0,1
1,4,49,75447.64,1,4,3,2,3,0,1,0,0,0,0,1,1,0
1,7,37,78886.86,2,4,6,2,0,1,1,1,1,0,0,0,0,0
1,2,25,33890.22,2,5,0,0,4,0,1,1,0,0,0,1,1,0
1,6,55,90708.25,1,6,5,2,2,0,0,0,0,0,0,1,0,1
0,9,50,52117.34,1,6,3,2,3,0,1,0,0,0,0,0,1,0
0,3,42,29469.32,1,2,6,2,2,0,0,0,0,0,0,0,1,0
1,1,32,8839.03,1,5,0,2,4,0,0,0,0,1,1,0,1,0
0,7,42,64489.32,1,2,4,2,4,0,0,1,1,0,0,0,0,0
1,8,49,57572.04,1,2,2,2,2,0,1,1,0,0,0,0,1,0
0,9,25,27242.58,1,1,3,2,3,0,0,0,1,0,0,1,0,0
1,6,32,52623.0,2,5,2,2,2,1,1,0,0,0,0,0,1,0
0,7,37,59375.69,2,2,6,2,0,0,0,1,1,0,0,0,0,0
1,0,50,60691.85,1,2,3,2,3,0,1,1,0,0,0,0,1,0
0,5,50,43649.97,1,2,3,2,3,0,0,0,0,0,0,1,1,0
0,5,34,34116.36,1,1,3,2,3,0,0,0,0,0,0,0,1,1
1,2,36,62999.02,2,2,5,2,0,0,1,0,0,0,0,0,1,0
0,7,49,71071.33,1,4,3,2,3,0,0,0,0,0,0,1,0,0
0,7,34,54622.43,2,3,5,2,2,0,0,1,0,0,0,1,1,0
1,7,46,133412.98,2,2,2,1,0,0,0,1,0,0,0,0,1,1
1,7,25,34126.78,2,1,0,0,4,0,1,0,1,0,0,0,1,0
0,3,25,26881.0,1,1,4,2,4,0,1,0,0,0,0,0,1,0
1,4,31,38054.69,1,3,1,2,4,0,0,0,0,0,0,0,1,0
0,1,66,44581.84,0,2,3,0,3,0,0,0,1,0,0,0,1,0
1,7,51,101917.43,2,2,2,1,0,0,0,1,0,0,0,1,1,0
1,9,47,41079.06,1,4,6,2,0,1,1,0,0,0,0,0,1,0
0,7,40,53167.94,1,4,3,2,3,0,1,0,0,0,0,0,1,0
1,3,25,32590.99,2,1,1,0,4,1,1,1,0,0,0,0,0,0
1,0,37,42098.99,1,2,3,2,3,1,0,0,0,0,0,0,0,1
1,3,41,41761.85,1,0,2,2,0,0,1,0,0,0,0,1,0,0
0,3,41,42667.61,1,2,5,2,2,0,1,1,0,0,0,1,0,0
0,2,46,81065.9,2,0,6,1,2,0,1,0,0,0,0,0,1,0
1,1,27,21950.44,1,1,1,2,4,0,0,0,0,0,1,0,1,0
1,4,54,56464.14,1,2,2,2,2,0,1,0,0,0,0,1,1,0
0,9,27,6134.58,1,3,4,2,4,1,0,1,0,0,0,1,0,0
1,3,44,38518.31,1,4,4,2,4,0,1,0,0,0,0,0,1,0
1,7,46,44243.9,1,2,2,2,2,0,0,1,1,0,0,0,0,0
0,5,57,66215.02,1,2,2,2,2,0,0,1,0,1,0,0,0,1
1,1,66,62758.0,1,2,0,2,4,0,0,0,0,0,0,0,1,1
1,9,32,32815.03,1,5,0,2,4,1,0,0,0,0,0,1,0,0
1,7,26,39793.18,2,5,0,0,4,0,1,1,0,0,0,1,1,0
0,3,44,33552.89,1,4,0,2,4,0,0,0,1,0,0,0,0,1
0,9,33,24782.23,1,5,3,2,3,0,1,0,0,0,0,1,0,1
1,2,28,46354.1,2,1,3,0,3,1,1,0,0,0,0,0,0,0
1,7,37,56522.16,1,2,3,2,3,0,1,0,0,0,0,0,0,1
1,7,42,49180.06,1,4,6,2,2,0,0,0,0,0,0,1,1,0
1,7,34,51933.91,1,1,2,2,0,0,1,0,0,0,1,0,0,0
0,7,26,38964.67,2,3,4,0,4,0,0,1,0,0,0,1,0,1
0,7,51,93093.87,2,2,5,1,2,0,0,0,0,0,0,0,1,0
1,7,55,129843.42,2,6,6,1,2,0,1,0,0,0,0,0,0,0
0,7,27,31013.0,1,1,1,2,4,0,0,0,0,0,0,0,1,0
0,5,34,44137.08,1,3,3,2,3,0,0,0,1,0,0,0,1,0
0,9,28,44128.66,2,5,6,0,2,0,1,1,1,1,0,0,0,1
0,6,39,74375.53,2,2,6,2,5,0,1,0,0,0,0,1,1,0
0,3,35,31710.29,1,2,3,2,3,0,1,0,0,0,0,0,1,0
1,7,39,80202.84,2,4,6,1,5,0,0,1,0,0,0,0,1,1
0,2,39,75805.24,2,2,2,2,0,0,1,1,0,0,0,0,1,0
0,7,32,49423.68,2,1,2,0,2,1,0,1,0,0,1,0,1,0
1,7,58,99767.69,1,6,3,2,3,0,0,0,1,0,0,0,0,1
0,2,25,38368.01,2,5,3,0,3,0,0,1,0,0,0,1,0,1
0,2,35,41088.23,1,2,5,2,2,0,0,0,1,0,0,0,1,0
1,6,36,51812.28,1,4,6,2,2,0,1,0,0,0,0,0,1,0
1,2,50,120919.74,2,2,2,1,0,0,1,1,1,0,0,0,1,0
0,2,50,87161.56,1,2,6,2,2,1,1,0,0,0,0,1,0,0
0,7,60,131077.4,2,2,6,1,0,0,1,0,1,0,0,0,0,1
1,3,44,97648.05,2,2,2,1,2,1,0,1,0,0,0,0,1,0
1,7,57,114799.06,2,2,6,1,0,0,1,0,1,0,0,0,1,0
0,2,36,61403.89,2,2,2,2,2,0,1,0,0,0,0,1,1,0
0,3,58,47370.32,1,2,0,2,4,0,0,0,0,0,0,0,0,1
0,1,44,47572.7,1,0,3,2,3,0,0,0,0,0,0,0,1,1
0,2,43,69335.69,1,4,3,2,3,0,1,0,1,0,0,1,0,0
1,9,60,70051.62,1,2,3,2,3,0,1,0,0,0,0,1,1,0
0,4,58,106694.47,2,2,6,1,2,0,1,0,0,0,0,1,1,0
0,7,49,85169.59,1,0,3,2,3,0,0,1,0,0,0,0,0,1
0,4,59,68441.04,1,6,1,2,4,0,1,0,0,0,0,0,1,0
1,6,25,18166.23,1,5,3,2,3,0,1,0,0,0,0,0,1,1
1,6,44,65565.23,1,4,6,2,2,0,0,0,0,0,1,0,1,1
0,6,42,71314.48,2,0,5,2,0,0,0,0,0,1,0,1,1,0
0,2,49,89969.51,2,4,2,1,2,1,0,1,0,0,0,0,1,0
1,7,50,87366.6,1,6,0,2,4,0,1,0,0,0,0,0,1,0
0,7,41,69229.7,2,0,5,2,0,0,0,1,0,0,0,0,1,0
0,3,40,50141.57,1,4,2,2,0,0,0,0,0,0,0,1,0,0
0,7,31,32994.34,1,5,3,2,3,0,1,0,0,0,0,0,1,1
1,8,41,50937.82,1,2,3,2,3,0,1,0,0,0,0,0,1,0
0,2,54,159556.71,2,2,6,1,0,0,1,0,0,0,1,0,0,1
1,5,55,24490.86,0,2,3,0,3,0,0,0,0,0,0,0,1,0
0,7,25,43913.77,2,5,5,0,2,0,1,1,0,0,0,0,1,1
1,6,39,55586.17,1,4,2,2,2,0,1,1,0,0,0,0,0,1
0,3,27,18481.8,1,5,1,2,4,0,1,0,0,0,0,0,1,0
1,7,36,53221.04,1,2,6,2,2,0,1,0,0,0,0,0,1,0
0,6,50,134743.13,2,2,6,1,2,0,1,1,1,0,0,0,1,0
0,7,44,72993.93,1,0,2,2,2,0,1,0,0,0,0,0,1,0
1,7,42,54456.49,1,0,2,2,0,0,0,0,0,0,0,0,1,0
0,3,43,57476.81,1,4,5,2,2,0,0,0,0,0,0,1,1,0
1,2,59,29358.31,0,6,3,0,3,0,0,1,0,0,0,0,0,1
1,9,46,43986.99,1,2,3,2,3,0,0,0,0,0,0,1,1,0
1,9,44,47619.66,1,0,3,2,3,0,0,0,0,0,0,1,1,0
1,7,51,88245.15,1,2,5,2,2,0,1,1,0,0,0,1,0,0
1,6,32,65196.87,2,1,5,2,0,0,0,1,0,0,0,1,1,0
1,6,32,69719.45,2,5,2,2,0,1,1,1,0,0,0,0,1,0
0,7,50,89367.91,2,2,5,1,2,0,1,0,0,0,0,0,1,0
0,7,36,72798.35,2,0,6,2,1,0,1,0,0,0,1,0,1,1
1,7,39,33013.37,1,2,3,2,3,1,1,0,0,0,0,0,1,0
1,8,67,66765.55,1,6,6,2,2,1,1,0,0,0,0,0,0,0
0,2,56,119484.89,2,2,6,1,2,0,1,0,0,0,0,0,1,0
1,9,37,67226.7,2,4,2,2,0,0,1,1,0,0,0,0,0,1
0,2,45,60364.7,1,2,1,2,4,0,0,1,0,0,0,0,1,0
1,0,37,59632.76,2,0,6,2,2,0,1,0,0,0,0,1,0,0
1,9,35,55580.58,2,2,5,2,0,0,1,0,1,0,0,0,1,1
1,7,47,79094.39,1,2,4,2,4,0,0,1,0,0,0,0,1,1
0,7,25,26168.81,1,5,3,2,3,0,1,0,0,0,0,0,1,0
0,7,25,30056.84,1,5,3,2,3,1,0,0,0,0,0,1,0,0
0,8,44,53795.45,1,2,2,2,2,0,0,0,0,0,0,1,1,0
1,5,33,53571.9,2,5,2,2,2,0,0,1,0,0,0,1,1,1
0,4,29,27005.16,1,1,3,2,3,0,1,0,0,0,0,1,0,0
0,6,56,136803.13,2,6,6,1,0,1,1,0,0,0,0,1,0,0
1,7,37,63313.64,2,0,6,2,2,0,0,0,1,0,0,0,1,1
1,6,35,63048.86,2,4,5,2,2,0,0,1,1,0,0,0,0,1
0,7,54,65048.28,1,6,2,2,2,0,0,1,0,0,0,0,0,1
0,7,25,32690.42,2,1,0,0,4,1,0,0,0,0,0,0,1,0
0,2,58,157558.81,2,2,2,1,2,0,1,1,0,0,0,0,1,0
0,0,44,46502.84,1,2,4,2,4,0,1,1,0,0,0,0,1,0
0,4,40,50369.52,1,0,2,2,2,1,0,1,0,0,0,1,0,0
0,3,39,74105.59,2,4,6,2,1,0,1,1,0,0,0,0,0,1
1,3,40,21177.5,1,4,3,2,3,0,0,0,0,0,0,0,0,1
0,2,25,25812.23,1,1,3,2,3,0,1,1,0,0,0,0,0,0
0,7,29,57141.7,2,1,6,2,0,1,1,0,0,0,0,0,1,0
0,7,44,77248.55,2,4,2,2,2,0,1,0,0,0,0,1,1,0
0,3,42,32454.11,1,2,5,2,2,0,1,0,0,0,0,0,1,1
1,8,35,47056.69,1,0,6,2,2,0,0,0,0,0,0,1,1,0
1,2,53,99282.04,2,2,2,1,0,0,1,0,0,0,0,0,1,1
1,7,49,84150.9,1,4,6,2,0,0,1,0,0,0,0,1,0,0
1,6,32,53795.86,2,1,2,2,0,0,1,1,1,0,0,1,1,0
0,2,42,70948.24,2,0,5,2,0,0,1,0,0,0,0,0,1,0
0,5,61,82058.62,1,6,4,2,4,0,0,0,0,0,0,1,1,0
1,3,68,83839.95,1,2,1,2,4,0,1,1,0,0,0,0,0,0
1,8,44,28314.86,1,0,3,2,3,0,1,0,0,0,0,1,0,0
0,6,48,39035.33,1,4,3,2,3,0,0,0,0,0,0,0,1,0
0,9,56,111730.74,2,6,6,1,2,1,1,0,0,0,1,0,1,1
0,9,45,58862.81,1,0,3,2,3,0,1,0,1,0,0,0,0,1
1,3,44,54382.3,1,2,4,2,4,0,0,1,0,0,0,0,1,0
1,7,70,160205.18,2,6,6,1,0,0,1,0,1,0,0,0,0,1
1,0,48,51554.88,1,0,5,2,2,0,0,0,0,0,0,1,1,1
1,7,52,73812.86,1,6,2,2,2,1,0,0,0,0,0,0,1,1
1,7,32,70564.42,2,1,6,2,1,0,1,1,1,0,0,0,0,0
0,7,25,12013.85,1,5,0,2,4,0,0,0,0,0,0,0,1,1
1,6,25,40276.84,2,1,5,0,2,1,0,1,1,0,0,1,1,0
1,3,25,22149.65,1,5,3,2,3,0,0,1,0,0,0,0,1,1
0,6,30,44511.55,2,3,2,0,0,0,1,1,0,0,0,1,1,1
0,2,41,46810.54,1,2,3,2,3,0,1,0,0,0,0,0,0,1
0,9,38,33133.38,1,0,1,2,4,0,0,0,0,1,1,0,0,0
0,3,41,53673.73,1,0,3,2,3,0,0,1,0,0,0,1,0,0
0,2,54,100067.06,2,2,2,1,0,0,1,1,0,0,0,1,1,0
0,1,61,94228.71,1,2,3,2,3,0,1,0,1,0,0,0,0,0
0,7,51,134862.89,2,6,6,1,2,0,1,0,0,0,0,1,1,0
1,6,44,106072.72,2,0,2,1,0,0,1,0,0,1,0,1,1,0
0,9,53,62111.1,1,2,1,2,4,0,0,1,0,0,0,1,1,0
0,8,45,40878.63,1,2,0,2,4,0,1,0,0,0,0,0,0,0
0,7,41,48923.68,1,2,2,2,2,1,0,0,0,0,0,1,0,0
1,7,43,83775.73,2,0,6,1,0,0,1,1,1,0,0,1,1,0
0,7,54,127416.27,2,6,2,1,2,1,0,0,0,0,0,1,1,1
1,6,55,111171.62,2,2,5,1,0,0,1,0,0,0,0,1,1,0
0,9,42,64515.74,1,2,5,2,2,0,0,0,0,0,0,1,0,1
1,7,35,46228.5,1,0,2,2,2,0,1,0,1,0,0,1,0,0
1,7,49,143595.18,2,4,5,1,2,1,0,0,0,0,0,0,1,0
0,8,47,53855.85,1,2,1,2,4,0,1,0,0,0,0,0,0,0
1,4,32,30873.98,1,5,4,2,4,0,0,0,0,0,0,0,1,1
0,3,41,73478.16,2,4,6,2,0,0,0,0,0,0,0,0,1,0
0,7,29,39247.68,1,1,0,2,4,1,0,0,0,0,0,1,0,0
1,6,25,51310.26,2,5,2,2,2,0,0,1,0,0,0,1,1,0
0,8,52,80392.82,1,2,3,2,3,0,0,0,0,0,1,1,0,0
0,5,38,52306.64,1,0,5,2,0,0,1,0,0,0,0,1,0,1
0,7,50,53817.31,1,2,4,2,4,0,0,0,0,0,0,1,0,0
0,3,55,104016.04,2,2,5,1,2,0,1,1,0,0,0,1,0,0
1,5,33,45156.73,1,5,3,2,3,0,1,0,1,0,0,0,1,0
0,6,40,70908.14,2,4,6,2,0,0,1,1,0,0,0,0,0,0
0,9,55,49253.88,1,2,3,2,3,0,0,0,0,0,0,0,1,0
1,7,25,29309.57,1,5,3,2,3,0,0,1,0,0,0,1,0,0
1,4,38,35795.61,1,0,3,2,3,0,0,0,0,0,0,1,1,0
0,2,43,82747.26,2,4,6,1,0,0,1,1,0,0,0,0,1,0
1,6,45,81531.35,2,4,6,1,2,0,1,1,0,0,0,0,1,0
0,9,43,43150.93,1,0,6,2,0,0,1,0,0,0,0,0,1,0
0,7,54,36502.99,1,2,0,2,4,0,0,0,1,0,0,0,1,0
1,3,25,21517.11,1,5,0,2,4,0,0,0,0,0,1,0,1,1
0,7,46,71468.68,1,2,4,2,4,0,0,1,0,0,0,0,0,1
0,9,52,24168.33,0,2,3,0,3,0,0,0,1,0,0,0,0,0
1,7,40,58423.94,1,4,3,2,3,0,1,0,0,0,0,1,1,0
0,3,33,42014.64,1,1,6,2,0,0,1,0,0,0,0,1,1,0
0,5,29,12083.6,1,3,3,2,3,0,1,0,0,0,0,0,0,1
1,2,68,120922.44,1,2,0,2,4,1,0,0,0,0,0,0,0,1
1,7,40,84120.24,2,4,6,1,0,0,0,1,0,0,0,1,0,0
0,3,58,80407.49,1,2,3,2,3,0,1,0,0,0,0,1,0,0
1,3,25,9519.75,1,1,3,2,3,0,0,1,1,0,0,0,0,0
1,7,52,77443.64,1,2,3,2,3,0,0,1,0,0,0,0,1,1
1,7,30,63589.07,2,1,6,2,0,0,1,0,0,0,1,1,1,1
1,7,54,136375.0,2,2,2,1,0,0,0,1,1,0,0,0,1,1
1,4,42,61773.54,1,0,3,2,3,0,0,0,0,0,1,1,1,0
1,5,25,34714.0,2,3,3,0,3,0,1,1,0,0,0,1,0,0
1,9,39,59068.8,1,2,6,2,2,0,0,1,0,0,0,0,1,0
1,1,57,46595.25,1,6,5,2,2,0,0,0,0,0,0,0,1,1
1,7,43,103375.1,2,2,5,1,0,1,1,0,1,0,0,1,1,0
0,0,41,51521.0,1,2,4,2,4,0,0,0,0,0,0,0,1,1
1,9,36,39517.98,1,4,4,2,4,0,0,1,1,0,0,0,1,0
0,9,27,30419.61,1,5,3,2,3,0,1,1,0,0,0,0,1,0
1,5,39,63164.51,2,4,6,2,0,0,1,0,0,0,0,1,0,0
0,7,50,120584.86,2,2,5,1,0,0,1,0,0,0,0,0,0,0
1,9,41,41631.7,1,0,5,2,0,0,0,0,0,0,0,0,1,1
1,4,53,74715.59,1,2,6,2,2,0,0,0,0,1,0,0,1,0
0,7,35,61291.73,2,0,2,2,2,0,0,1,0,0,0,0,1,1
1,6,35,76942.49,2,4,6,2,5,0,0,1,0,0,0,1,0,0
1,7,31,62605.02,2,3,6,2,2,0,1,1,0,0,0,0,0,1
0,7,38,68838.01,2,0,2,2,0,0,0,1,0,0,0,1,1,0
0,8,45,58510.13,1,2,1,2,4,0,0,1,0,1,0,0,0,0
1,2,34,74414.13,2,5,6,2,1,0,1,0,0,0,0,0,1,1
1,7,28,44005.58,2,1,3,0,3,0,1,0,0,0,0,0,1,0
0,9,46,32567.46,1,2,3,2,3,1,0,0,1,0,0,0,0,0
1,2,26,42581.95,2,1,2,0,2,1,1,0,0,0,0,1,0,0
1,3,63,63604.64,1,6,1,2,4,0,0,0,1,0,0,0,1,0
0,7,51,82473.43,1,2,3,2,3,0,1,1,0,0,0,0,0,0
0,2,60,85588.51,1,6,1,2,4,0,0,0,1,1,0,0,0,0
0,7,53,149452.56,2,6,6,1,2,0,1,1,0,0,0,0,0,0
0,3,25,25403.75,1,5,3,2,3,0,1,1,0,0,0,0,0,0
1,7,47,44260.6,1,4,3,2,3,0,1,0,0,0,0,0,0,0
0,9,40,26928.45,1,4,3,2,3,0,0,1,0,0,0,1,0,1
0,9,53,28475.75,1,2,3,2,3,0,1,1,0,1,0,0,0,0
0,7,29,9306.57,1,1,1,2,4,0,0,0,0,0,0,0,1,0
0,0,40,17694.15,1,4,3,2,3,0,1,0,0,0,0,1,0,0
0,6,49,81105.13,1,2,2,2,2,0,1,0,0,0,0,1,0,0
0,0,31,42164.85,1,1,2,2,2,0,1,0,1,0,0,0,1,0
1,2,68,108727.23,1,2,3,2,3,0,1,0,0,0,0,0,0,1
1,6,30,40103.96,1,5,2,2,0,0,0,0,0,0,0,1,1,0
0,3,38,49061.38,1,2,3,2,3,1,0,1,0,0,0,0,1,0
1,7,25,39022.34,2,1,3,0,3,0,1,0,0,0,0,1,1,0
0,0,45,48463.85,1,2,5,2,2,0,0,1,0,0,0,0,0,0
1,3,40,55573.23,1,2,2,2,2,0,1,0,0,0,0,0,0,1
0,7,59,117644.31,2,2,2,1,0,1,1,0,0,0,1,0,1,0
1,9,29,32425.14,1,1,3,2,3,0,0,0,1,0,0,1,1,0
1,2,35,43056.6,1,2,1,2,4,0,0,0,0,0,0,1,0,1
1,4,44,47262.62,1,2,0,2,4,1,1,0,0,0,0,0,0,0
0,2,38,50633.97,1,0,3,2,3,0,1,1,0,0,0,0,0,0
1,4,55,43826.54,1,2,0,2,4,0,0,0,0,0,0,0,0,1
0,3,35,42073.39,1,2,3,2,3,1,0,0,0,0,0,1,0,0
0,7,33,49513.33,1,5,3,2,3,0,0,1,0,0,0,0,1,0
0,7,65,93961.6,1,2,6,2,2,0,0,0,0,0,1,0,1,0
0,6,41,81348.33,2,2,2,1,2,0,1,1,0,1,0,1,1,0
1,3,54,82014.89,1,6,3,2,3,0,1,0,1,0,0,0,0,0
0,7,51,54863.93,1,2,0,2,4,0,0,0,0,0,0,0,1,0
0,7,48,105788.57,2,4,5,1,2,0,1,1,0,0,0,1,1,0
1,1,61,101499.58,1,2,3,2,3,0,0,1,0,0,0,0,0,0
1,7,42,77763.09,2,0,5,2,2,1,1,0,1,0,0,0,0,1
0,0,64,62922.44,1,2,3,2,3,0,0,0,0,0,0,1,0,1
0,3,64,90212.83,1,6,1,2,4,0,1,0,0,0,0,0,1,1
0,0,39,47028.01,1,4,3,2,3,0,0,0,0,0,0,1,1,0
1,0,54,75189.26,1,6,0,2,4,0,0,1,0,0,0,0,1,0
1,7,26,33478.5,1,1,3,2,3,0,1,0,0,0,0,1,0,0
0,3,35,60827.35,2,4,6,2,2,1,0,1,0,0,0,0,1,0
1,0,35,28297.66,1,2,2,2,2,0,1,0,0,0,0,0,1,0
0,2,45,49410.24,1,0,6,2,2,0,1,1,0,0,0,1,0,0
1,3,70,100325.99,1,2,6,2,2,0,0,1,0,0,1,0,1,0
0,7,25,38009.18,2,1,3,0,3,0,1,1,0,0,0,1,0,1
0,9,38,46737.42,1,0,5,2,0,1,0,0,0,0,0,1,0,0
0,3,25,20676.52,1,1,3,2,3,0,0,1,0,0,0,1,1,0
1,2,28,27725.9,1,5,1,2,4,0,0,0,0,0,0,1,1,0
0,3,25,28722.33,1,5,3,2,3,0,1,0,0,0,0,0,0,0
0,3,25,19554.16,1,3,1,2,4,0,1,1,0,0,0,0,0,0
1,3,46,48972.52,1,0,2,2,2,0,0,0,1,1,0,0,0,0
1,7,51,51308.87,1,2,2,2,2,0,0,0,0,1,0,0,1,0
0,2,36,65023.51,2,4,2,2,2,0,0,0,0,0,0,0,1,1
1,5,58,86658.15,1,2,3,2,3,0,1,0,0,1,0,0,0,0
0,7,48,76306.45,1,2,3,2,3,0,0,0,0,0,0,1,1,0
0,3,43,64184.18,1,4,6,2,2,0,1,0,0,0,0,0,1,0
0,1,50,71672.15,1,2,0,2,4,0,0,0,0,0,0,0,0,1
1,3,31,27404.02,1,5,3,2,3,0,1,1,0,0,0,0,1,0
0,3,52,63163.2,1,2,1,2,4,0,0,0,0,0,0,1,1,0
1,3,33,30538.5,1,5,1,2,4,0,0,0,0,0,0,1,1,0
0,9,27,28603.24,1,1,1,2,4,0,0,1,0,0,0,0,1,0
0,9,39,45258.44,1,2,3,2,3,0,0,0,0,0,1,0,1,1
0,0,43,58168.84,1,2,2,2,2,0,0,1,0,0,0,1,0,0
0,3,47,80704.06,1,2,3,2,3,0,1,0,0,1,0,1,0,0
0,7,44,55188.07,1,0,5,2,0,0,1,0,0,0,1,0,1,0
1,5,42,36757.99,1,4,3,2,3,1,1,0,0,0,0,0,0,0
0,2,25,24594.17,1,3,3,2,3,1,0,0,0,0,0,1,0,0
1,1,35,34930.79,1,4,3,2,3,0,0,1,0,0,0,0,1,0
0,7,41,63579.27,1,0,5,2,0,0,0,0,1,1,0,0,0,0
0,7,31,49278.71,2,1,6,0,2,1,1,1,0,0,0,0,0,0
1,7,39,47835.17,1,2,5,2,2,0,0,0,0,0,0,1,1,0
1,2,52,78503.34,1,6,6,2,2,1,1,0,0,0,0,0,0,1
0,7,49,97214.75,2,2,6,1,0,0,1,1,0,0,0,1,1,1
1,1,41,59338.09,1,2,0,2,4,0,1,1,0,0,0,0,1,0
1,7,63,129666.22,2,6,2,1,0,0,1,0,0,0,0,1,0,0
0,3,25,22572.7,1,5,3,2,3,0,1,0,1,0,0,0,0,0
0,8,35,40901.49,1,4,5,2,2,1,0,0,0,0,0,1,0,0
1,8,45,64170.66,1,2,0,2,4,0,1,0,0,0,0,0,1,0
0,7,40,40351.54,1,0,3,2,3,0,0,0,1,0,0,1,0,0
0,7,27,32005.77,1,1,1,2,4,0,0,1,0,0,0,1,0,0
0,4,44,60964.6,1,2,3,2,3,0,1,1,0,0,0,0,0,0
1,6,33,69084.41,2,3,2,2,0,0,0,1,0,0,0,0,1,0
0,4,31,33293.63,1,1,3,2,3,0,0,0,1,1,0,0,0,0
0,0,36,29711.96,1,4,3,2,3,1,0,0,1,0,0,0,1,0
0,3,42,52923.72,1,2,0,2,4,0,0,1,0,0,0,0,1,1
1,7,49,119577.08,2,0,6,1,2,0,1,0,0,0,1,1,0,0
1,6,47,69255.9,1,0,3,2,3,0,0,0,1,0,0,0,0,1
1,7,41,56632.42,1,2,2,2,2,0,1,0,1,0,0,0,1,0
0,8,30,36997.67,1,3,3,2,3,0,1,0,0,0,0,0,1,1
0,2,31,39590.84,1,3,3,2,3,1,0,1,0,0,0,0,0,0
1,3,58,105677.02,2,2,5,1,2,0,0,0,0,0,1,1,1,0
1,2,41,73570.6,2,4,5,2,0,0,1,0,0,0,0,1,1,0
1,8,70,30980.74,0,2,3,0,3,0,0,0,0,0,0,0,0,1
1,9,56,49910.46,1,2,3,2,3,0,1,1,0,0,0,0,0,0
1,9,45,34827.34,1,4,3,2,3,0,1,0,0,0,0,1,0,0
1,3,35,37935.94,1,2,4,2,4,0,1,0,0,0,0,0,0,1
0,3,51,61967.37,1,2,2,2,2,0,0,0,0,0,1,0,1,0
1,2,25,31182.67,1,5,3,2,3,0,0,1,0,0,0,0,1,1
0,7,35,101162.63,2,2,6,1,1,0,0,1,0,0,1,0,1,1
1,0,63,79929.69,1,2,0,2,4,0,1,0,0,0,0,0,1,1
1,7,47,103894.3,2,4,6,1,0,0,1,1,0,0,0,0,1,0
1,9,25,30948.89,1,5,3,2,3,0,1,0,1,0,0,0,0,0
0,9,25,24837.93,1,1,3,2,3,0,1,1,0,0,0,0,0,0
1,3,25,17124.36,1,5,3,2,3,0,1,0,0,0,0,1,0,1
1,8,40,40918.23,1,2,1,2,4,0,1,0,0,0,0,1,0,0
1,9,48,45967.23,1,0,6,2,2,0,0,1,0,0,1,1,0,0
0,6,46,98532.44,2,0,6,1,2,0,1,1,0,0,0,0,0,0
0,7,26,44362.49,2,5,3,0,3,1,1,0,0,0,0,0,1,1
0,6,40,62728.46,1,2,0,2,4,0,1,1,0,0,0,0,0,0
0,7,33,32126.45,1,5,3,2,3,0,0,1,0,0,0,1,0,0
0,8,37,43489.18,1,2,1,2,4,0,0,1,1,0,0,0,0,0
1,5,58,40194.14,1,2,6,2,2,0,1,1,0,0,0,0,0,0
0,2,40,64114.45,1,2,0,2,4,0,0,1,0,0,0,1,0,0
1,2,47,86566.67,2,0,2,1,2,0,1,1,0,0,0,1,1,0
1,7,52,117263.02,2,2,5,1,0,1,1,1,0,0,1,0,0,0
1,5,58,111608.54,2,6,2,1,2,1,0,1,0,0,1,1,0,1
0,3,46,21085.85,1,0,0,2,4,1,0,0,0,0,0,0,1,0
0,3,47,65656.12,1,4,6,2,0,0,1,0,0,0,1,0,0,0
1,7,39,53320.2,1,4,2,2,2,0,0,0,1,0,0,1,1,0
0,7,42,55052.56,1,4,6,2,0,0,0,1,0,0,0,0,0,0
1,6,47,101018.8,2,0,5,1,2,0,1,0,0,0,0,0,1,0
1,7,50,100931.52,2,6,6,1,2,0,1,1,0,0,0,0,0,0
1,2,46,101434.17,2,4,5,1,0,0,1,1,0,0,0,0,1,0
0,5,50,38233.32,1,6,3,2,3,0,0,1,0,0,0,0,1,0
1,7,41,53128.68,1,4,5,2,0,1,0,0,0,0,0,0,1,1
0,7,28,36019.64,1,3,3,2,3,0,0,1,0,0,0,0,1,0
1,7,34,52549.36,2,5,2,2,2,0,1,1,0,0,0,1,0,0
0,3,30,24845.99,1,1,4,2,4,0,0,1,0,0,0,0,1,0
0,7,34,61597.39,2,1,5,2,0,0,0,1,0,1,1,1,0,0
1,9,46,47796.82,1,4,6,2,0,0,0,1,0,1,0,1,0,0
0,4,56,56595.93,1,2,4,2,4,0,1,0,0,0,0,0,1,0
1,3,49,72075.82,1,2,3,2,3,0,0,0,0,0,1,0,1,0
1,6,51,72410.95,1,2,6,2,2,0,1,1,0,0,0,0,1,0
0,6,41,76255.68,2,0,2,2,0,0,1,0,0,0,0,1,0,0
0,7,36,60610.26,2,4,5,2,2,0,1,1,0,0,0,1,0,0
0,2,25,35203.06,2,1,3,0,3,0,1,0,0,0,0,1,1,0
0,7,57,116636.49,2,2,2,1,2,0,0,0,1,0,0,0,1,1
0,7,31,81118.78,2,1,6,1,5,1,1,0,0,0,0,0,0,0
1,2,43,81316.62,2,4,5,1,2,0,1,0,0,0,0,1,1,0
0,2,48,39932.07,1,4,4,2,4,0,0,1,0,0,0,0,1,0
1,5,52,72172.48,1,6,1,2,4,0,0,1,0,0,0,0,1,1
0,9,43,66589.77,1,0,2,2,0,0,1,1,0,0,0,0,0,0
0,0,41,53669.18,1,4,6,2,0,0,1,0,0,0,0,0,1,0
1,4,44,49011.02,1,0,6,2,2,0,0,1,0,0,0,0,1,0
1,7,43,59640.64,1,0,3,2,3,0,0,1,1,0,0,0,0,1
0,2,55,93192.09,1,2,3,2,3,1,0,0,0,0,0,0,1,0
0,7,41,56490.46,1,4,5,2,0,0,0,0,1,0,0,0,1,0
0,3,43,48042.5,1,0,6,2,0,0,1,0,0,0,0,0,0,1
1,2,52,140079.64,2,6,6,1,2,0,0,1,1,0,0,1,0,1
0,7,25,48687.55,2,1,5,0,2,0,1,0,0,0,0,0,1,0
1,7,25,34255.79,2,1,3,0,3,0,1,0,0,1,0,1,1,0
1,4,68,82005.19,1,2,2,2,2,0,0,0,0,0,1,0,0,1
0,3,33,44648.35,1,3,3,2,3,0,0,0,1,0,0,0,1,0
1,6,40,25234.35,1,0,3,2,3,0,0,1,0,0,0,0,1,1
1,2,31,39752.05,1,3,0,2,4,0,0,1,0,0,0,0,0,1
0,0,40,33784.01,1,2,2,2,2,0,1,0,0,0,0,0,1,0
0,8,51,65151.23,1,6,5,2,2,0,1,0,0,0,0,0,0,0
1,6,67,152346.48,2,2,2,1,2,1,1,1,0,0,0,0,0,0
0,7,42,56850.15,1,2,4,2,4,0,1,0,0,0,0,0,0,1
1,7,48,73744.59,1,0,2,2,0,0,1,1,0,0,0,0,0,1
0,6,44,107814.53,2,0,5,1,2,0,1,0,0,0,0,1,1,0
1,7,42,74089.39,2,2,5,2,2,0,1,0,1,0,0,1,1,0
0,2,57,105768.47,2,2,5,1,2,0,1,1,0,0,0,0,1,0
1,7,27,49849.32,2,5,3,0,3,0,1,0,0,0,0,0,1,1
0,2,32,36594.9,1,1,1,2,4,0,0,0,0,0,0,0,1,1
1,7,30,35404.09,1,5,0,2,4,0,1,0,0,0,0,1,0,0
0,7,49,103952.12,2,0,2,1,2,0,1,1,0,1,0,0,0,0
0,9,29,45782.82,2,5,6,0,2,0,0,0,0,1,0,1,0,0
1,2,52,131127.63,2,2,5,1,2,0,1,0,0,0,0,0,1,0
1,2,28,47583.4,2,1,3,0,3,0,1,1,0,0,0,1,1,0
1,3,45,62905.77,1,4,5,2,2,0,0,1,0,0,0,0,1,0
1,6,26,39001.55,2,5,3,0,3,0,1,1,0,0,0,1,1,0
0,0,51,58036.85,1,2,6,2,2,0,1,0,0,0,0,0,1,0
1,1,25,20540.37,1,5,3,2,3,1,1,0,0,0,0,0,0,0
1,5,65,78207.7,1,6,6,2,2,0,0,1,0,0,0,1,1,0
1,6,25,41595.93,2,1,6,0,0,0,0,0,1,0,0,1,1,0
1,7,58,80013.93,1,2,2,2,2,0,0,1,0,0,0,1,0,0
0,6,30,42414.92,1,3,5,2,0,0,0,0,1,0,0,1,1,0
0,7,36,34430.8,1,0,3,2,3,0,1,0,0,0,0,1,0,0
0,3,50,49871.85,1,2,3,2,3,0,0,1,1,0,0,0,0,0
0,7,25,40893.35,2,5,5,0,2,0,1,0,0,0,0,1,0,1
1,2,36,67419.8,2,2,5,2,2,0,1,1,0,0,0,1,0,1
1,8,47,31869.63,1,2,3,2,3,0,1,0,0,0,0,1,0,0
1,8,49,82297.6,1,4,5,2,0,0,0,1,1,0,0,0,1,0
0,3,40,32583.92,1,2,5,2,2,0,1,0,0,0,0,0,0,1
1,2,25,41242.71,2,1,3,0,3,0,1,0,0,0,0,0,0,1
1,3,28,22132.6,1,5,3,2,3,0,0,1,1,0,0,0,0,0
0,9,48,66553.81,1,2,5,2,2,0,0,0,0,0,0,0,1,1
0,6,38,39615.65,1,2,4,2,4,0,1,0,0,0,0,1,0,0
1,7,44,59474.03,1,0,2,2,2,0,1,0,0,0,0,1,0,0
1,3,57,97069.45,1,2,4,2,4,0,0,1,0,0,0,0,1,0
0,7,39,74318.33,2,2,6,2,1,0,1,0,0,0,0,1,1,0
1,6,33,57959.13,2,3,2,2,2,1,0,1,1,0,0,0,0,1
1,6,25,27777.85,1,1,3,2,3,0,1,0,0,0,0,0,0,1
1,2,62,137482.32,2,6,6,1,0,1,0,1,0,0,0,0,1,1
0,5,35,37443.82,1,2,2,2,2,0,1,0,1,0,0,0,0,0
1,9,25,19249.89,1,5,3,2,3,0,1,1,0,0,0,0,0,0
0,6,51,85167.69,1,2,5,2,2,0,0,1,0,0,0,0,1,0
0,2,25,26777.26,1,3,4,2,4,0,0,0,0,0,0,1,0,1
1,2,43,73528.07,2,0,2,2,2,0,1,0,1,0,0,1,1,0
1,2,26,42701.05,2,5,6,0,0,0,1,0,0,0,0,0,1,0
1,7,62,134377.88,2,6,6,1,2,1,1,1,0,0,0,0,1,0
1,7,57,103053.73,1,2,3,2,3,0,0,0,0,0,0,1,1,0
1,2,42,81150.18,2,2,6,1,2,0,1,1,0,0,0,0,1,0
0,8,51,78414.25,1,2,5,2,2,0,1,0,0,0,0,0,0,1
0,5,47,68659.41,1,2,6,2,2,0,1,0,0,0,0,0,1,1
0,7,39,52700.79,1,0,3,2,3,0,1,1,0,0,0,0,1,0
0,1,49,59733.3,1,2,1,2,4,0,0,1,0,0,0,1,1,0
0,7,43,94887.24,2,4,6,1,0,0,1,0,0,0,0,0,1,0
0,7,29,77463.34,2,1,6,2,0,1,0,1,0,0,0,0,1,0
0,9,70,53016.97,0,6,3,2,3,1,0,0,0,0,1,0,0,0
0,7,48,70867.82,1,4,3,2,3,0,0,0,0,0,1,1,0,1
1,2,50,80476.48,1,2,6,2,2,0,0,0,0,0,0,1,1,0
0,7,56,29854.32,0,2,3,0,3,0,0,0,0,0,0,0,1,0
0,7,38,90306.04,2,0,6,1,1,0,0,1,0,0,0,1,0,0
1,6,48,79594.27,1,2,2,2,2,0,0,0,1,0,0,1,0,0
0,7,26,17515.87,1,3,3,2,3,0,0,0,0,0,0,1,0,0
1,5,34,33623.69,1,3,4,2,4,0,0,0,0,0,0,1,1,0
1,3,56,55747.45,1,6,3,2,3,0,1,0,0,0,0,0,0,1
1,0,49,69700.78,1,2,0,2,4,0,1,0,0,0,0,0,1,0
0,9,37,46311.61,1,2,2,2,2,1,0,1,0,0,0,0,1,0
0,7,25,49115.21,2,5,6,0,0,0,1,1,0,0,0,0,1,0
0,1,47,65764.35,1,4,3,2,3,1,1,0,0,0,0,1,0,0
1,7,51,136212.62,2,2,5,1,0,1,0,1,0,1,0,0,0,0
1,7,39,49033.26,1,2,2,2,2,0,1,1,0,0,1,0,0,0
1,5,56,66977.84,1,6,6,2,2,0,1,0,0,0,0,0,1,0
0,6,37,67128.62,2,0,5,2,0,1,0,1,0,0,0,1,1,0
1,2,46,118246.42,2,2,2,1,0,0,1,0,0,0,1,1,0,0
1,2,32,56591.77,2,1,6,2,0,0,0,1,1,0,0,1,0,0
0,9,37,65342.16,2,4,6,2,2,0,0,1,0,0,0,0,1,1
0,2,70,66542.7,1,2,6,2,2,1,0,1,0,0,0,0,0,1
0,4,45,44636.98,1,2,2,2,2,0,0,1,0,0,0,1,1,0
0,5,30,34938.23,1,3,4,2,4,0,1,0,0,0,0,1,0,1
1,0,25,22569.85,1,5,3,2,3,0,0,0,0,0,0,1,1,1
0,9,45,64949.29,1,4,6,2,2,0,0,1,0,0,0,1,0,0
0,0,51,82161.27,1,2,5,2,2,0,1,0,0,0,0,0,1,0
0,2,50,90402.02,2,2,5,1,2,0,1,1,0,0,0,1,1,0
0,7,28,39999.85,2,1,3,0,3,0,1,0,0,0,0,1,0,1
1,3,30,37225.22,1,1,1,2,4,0,0,0,0,0,0,1,1,1
0,0,39,57760.99,1,2,2,2,2,1,0,0,0,0,0,0,1,1
1,2,46,94628.55,2,4,2,1,0,0,1,0,1,0,1,1,1,0
1,3,35,53620.03,1,4,6,2,0,0,1,0,0,0,0,0,1,0
1,5,40,44278.06,1,2,1,2,4,0,0,1,0,0,0,0,1,0
0,3,49,84411.29,1,0,3,2,3,0,0,0,1,0,0,0,1,0
1,7,63,101950.31,1,2,3,2,3,0,0,1,1,0,0,1,0,0
1,2,35,85216.23,2,0,6,1,5,0,1,0,0,0,0,0,1,0
1,6,44,59735.44,1,4,5,2,0,0,0,0,0,0,0,1,0,1
0,7,25,21008.72,1,5,1,2,4,1,0,0,0,0,0,0,1,0
0,9,33,44643.3,1,1,3,2,3,1,0,0,0,0,1,0,1,0
0,1,45,28261.02,1,0,0,2,4,0,0,0,0,0,0,0,1,0
1,2,45,91645.65,2,4,5,1,0,0,1,0,0,0,0,1,1,0
0,7,52,138158.63,2,2,2,1,2,0,1,1,0,0,0,1,0,0
0,7,42,102429.42,2,0,5,1,2,1,1,0,0,0,0,1,0,0
0,5,37,30962.41,1,2,6,2,2,0,1,0,0,0,0,1,0,0
0,3,37,38787.85,1,4,3,2,3,1,0,0,1,0,0,0,0,1
0,5,35,45890.37,1,0,2,2,0,0,0,0,0,0,1,1,1,0
0,0,47,79243.62,1,4,5,2,2,0,0,0,0,0,0,1,0,0
0,6,42,68769.04,1,2,0,2,4,0,0,0,0,0,0,0,1,0
0,7,58,70901.7,1,2,4,2,4,0,0,1,0,0,0,0,0,0
1,0,36,38374.59,1,2,2,2,2,0,1,1,0,0,0,0,0,0
0,7,27,37026.53,2,5,4,0,4,0,1,1,0,1,0,0,1,0
1,3,52,74850.3,1,2,3,2,3,0,0,0,0,0,0,0,1,0
1,9,38,62346.99,2,0,2,2,0,0,1,0,1,0,0,1,0,1
0,2,34,62725.32,2,3,2,2,0,0,1,0,0,0,0,1,1,1
1,2,50,104596.44,2,6,5,1,0,0,0,0,0,0,0,1,1,1
1,3,41,57758.13,1,2,2,2,2,0,1,0,0,1,0,0,0,0
1,5,44,46393.59,1,0,5,2,2,1,0,0,0,0,1,0,0,1
1,8,44,72774.54,1,2,5,2,2,0,1,0,0,0,0,1,1,0
1,7,53,38868.12,1,6,3,2,3,0,1,0,0,0,0,0,1,0
0,2,43,89994.24,2,4,5,1,0,0,1,1,0,1,0,0,1,0
0,7,37,45259.49,1,2,1,2,4,0,1,1,0,0,0,0,0,0
0,3,46,56410.96,1,0,2,2,0,0,0,0,0,0,0,0,1,0
0,4,34,34334.98,1,3,3,2,3,0,1,1,0,0,0,1,0,0
1,7,32,39192.23,1,1,0,2,4,0,0,0,0,0,0,0,1,1
0,7,39,65346.01,2,4,5,2,0,0,0,1,1,0,0,1,0,1
1,3,40,54502.06,1,0,5,2,2,0,1,0,0,0,0,0,0,1
1,7,26,56291.21,2,1,2,2,2,0,1,1,0,0,0,1,1,0
1,7,29,20139.65,1,5,3,2,3,0,1,0,0,0,0,0,0,0
1,8,42,53560.27,1,4,3,2,3,0,0,0,0,0,0,1,0,1
0,7,58,59118.01,1,6,0,2,4,0,1,0,0,0,0,1,0,0
0,7,39,56938.84,1,0,5,2,0,0,0,0,0,1,0,0,1,1
1,1,43,59259.46,1,2,3,2,3,0,1,0,0,0,0,0,1,0
0,7,44,97857.82,2,0,2,1,2,0,1,0,0,0,0,0,1,1
0,9,50,67209.62,1,2,2,2,2,0,1,0,0,0,0,0,1,0
1,8,44,43852.48,1,2,3,2,3,0,0,0,0,0,0,0,1,1
0,7,43,78531.0,2,2,6,2,2,0,0,1,1,0,0,0,1,0
0,0,48,78115.03,1,2,3,2,3,1,1,0,0,0,0,1,0,0
1,3,25,23218.61,1,1,1,2,4,1,0,0,0,0,0,0,1,0
0,6,42,73598.88,2,4,6,2,0,0,1,0,1,0,0,1,0,1
0,7,48,131353.08,2,2,2,1,0,0,1,1,0,0,0,0,1,0
1,7,33,54561.06,2,1,2,2,2,0,0,1,0,0,1,1,1,0
1,7,36,51154.48,1,2,3,2,3,0,1,1,0,0,0,0,0,0
0,2,33,41773.66,1,1,6,2,0,0,0,0,0,0,0,0,1,0
0,1,33,23505.43,1,5,4,2,4,1,0,0,0,0,0,0,1,0
0,7,53,113521.87,2,2,5,1,0,1,1,1,0,0,0,0,0,1
0,7,49,57966.43,1,0,3,2,3,0,1,0,0,0,0,0,0,1
0,5,26,32980.79,1,3,1,2,4,0,1,1,0,0,0,1,0,0
1,7,41,68384.96,2,2,6,2,2,1,1,1,0,0,0,0,0,0
1,0,38,52593.51,1,4,5,2,2,1,0,0,0,0,0,0,1,0
0,2,45,51866.67,1,2,0,2,4,0,1,1,0,0,0,0,0,1
1,8,53,47456.41,1,6,5,2,2,0,1,1,0,0,0,0,0,1
0,7,25,45175.11,2,1,2,0,0,0,0,0,0,0,1,1,1,0
1,2,43,114313.17,2,2,6,1,2,1,1,1,0,0,0,0,0,0
1,7,40,78944.93,2,0,6,2,2,0,0,1,0,0,0,1,1,0
0,1,36,38849.0,1,2,3,2,3,0,0,0,0,0,1,0,0,1
1,2,25,38623.44,2,1,0,0,4,1,0,0,0,0,0,1,0,1
0,2,33,61603.69,2,5,2,2,0,1,1,0,0,0,0,0,1,0
1,3,38,58655.15,1,2,3,2,3,0,1,0,0,0,1,0,0,0
1,7,29,53109.8,2,5,6,2,0,0,1,1,0,0,0,1,0,0
0,7,25,46873.46,2,5,3,0,3,1,0,1,0,0,0,1,0,0
0,4,43,67818.86,1,4,3,2,3,0,1,0,1,0,0,0,1,0
1,7,50,128963.08,2,2,5,1,2,0,1,1,0,0,1,0,0,0
1,3,31,29510.72,1,1,3,2,3,1,0,0,0,0,0,0,1,0
1,9,40,34484.49,1,2,1,2,4,0,0,0,0,0,0,1,0,0
1,7,56,103863.82,2,2,5,1,2,1,1,1,0,0,0,1,0,0
1,9,50,60357.0,1,2,4,2,4,0,1,1,0,0,0,0,1,0
0,7,41,86312.36,2,0,2,1,2,0,0,0,0,0,0,1,1,0
1,0,25,35257.55,2,1,0,0,4,0,1,1,0,1,0,0,0,0
1,2,46,46973.86,1,2,4,2,4,0,0,1,0,0,0,1,0,0
0,7,41,54451.92,1,2,5,2,2,0,0,0,0,0,0,0,1,0
1,7,49,62381.36,1,2,3,2,3,0,0,1,0,0,0,0,0,1
1,2,56,60898.98,1,2,1,2,4,0,0,0,0,0,0,0,1,1
0,3,50,68843.94,1,2,0,2,4,0,0,0,0,1,0,0,1,0
1,3,60,93123.8,1,2,2,2,2,0,0,0,0,0,0,0,1,1
1,9,37,46934.0,1,2,3,2,3,0,1,0,0,0,0,0,0,0
1,6,39,69551.26,2,0,6,2,0,0,0,1,0,0,1,1,1,0
1,9,33,9366.01,1,1,3,2,3,0,1,0,0,0,0,0,1,1
0,3,35,27011.47,1,2,4,2,4,0,0,1,0,0,0,0,1,1
1,7,57,84817.03,1,6,3,2,3,0,0,0,0,0,0,1,1,1
0,2,57,60580.33,1,2,2,2,2,0,1,0,0,0,0,0,1,1
1,0,59,90694.85,1,2,5,2,2,1,0,0,0,0,0,1,0,0
1,7,55,51042.81,1,2,0,2,4,1,0,0,0,0,0,0,1,0
1,5,36,34279.5,1,2,6,2,2,0,1,0,0,0,0,1,0,0
0,2,62,121801.84,2,2,5,1,2,0,0,1,0,0,0,0,1,0
1,9,45,65220.24,1,0,5,2,2,0,0,0,0,0,0,0,1,1
1,7,40,108697.94,2,4,2,1,0,0,0,0,1,0,0,0,1,0
0,3,30,53479.05,2,3,2,2,0,0,1,1,0,0,0,1,1,1
0,9,31,31939.77,1,5,4,2,4,0,0,1,0,0,1,0,0,0
0,7,36,89847.78,2,2,6,1,0,0,0,0,0,0,0,0,1,1
0,0,27,17367.46,1,5,1,2,4,0,1,0,0,0,0,1,0,0
0,2,41,75853.03,2,4,5,2,0,0,0,1,0,0,0,0,0,0
1,0,36,47307.96,1,4,3,2,3,0,0,1,0,1,0,0,1,0
1,7,53,70304.66,1,2,3,2,3,0,0,0,0,0,1,0,1,1
0,0,35,28776.77,1,4,3,2,3,0,0,1,0,0,0,1,0,0
0,2,50,100254.15,2,6,2,1,0,0,1,1,0,0,0,1,0,0
0,3,51,79624.8,1,6,6,2,2,1,0,0,1,0,0,0,0,0
1,7,52,45601.46,1,2,3,2,3,0,1,0,0,0,0,0,1,0
1,0,38,26906.7,1,4,4,2,4,0,1,0,0,0,1,1,0,0
1,3,45,55796.54,1,2,4,2,4,0,0,0,0,0,0,1,1,0
0,7,52,75380.07,1,2,0,2,4,0,0,0,1,0,0,0,1,0
1,3,49,74208.4,1,2,4,2,4,0,0,0,0,0,0,1,1,0
0,3,25,26418.18,1,5,0,2,4,0,0,1,0,0,0,0,0,0
0,7,47,81702.09,2,4,5,1,2,0,1,1,1,0,0,0,1,1
0,0,50,81073.83,1,2,6,2,2,0,1,0,1,0,0,0,0,0
0,7,43,67596.94,1,2,4,2,4,0,0,0,0,0,0,1,0,1
0,2,44,90753.18,2,4,2,1,0,1,1,1,0,0,0,0,0,0
1,6,34,52656.08,2,5,5,2,2,0,1,0,0,0,0,0,1,0
0,4,25,24109.41,1,1,3,2,3,0,1,0,0,0,0,0,1,0
1,7,52,62125.44,1,2,1,2,4,0,0,1,0,0,0,1,0,0
1,3,51,48914.85,1,2,0,2,4,0,1,0,0,0,0,1,1,0
0,2,46,107263.58,2,2,6,1,0,0,1,0,0,1,0,1,0,1
1,6,42,88393.47,2,2,2,1,0,0,1,0,0,0,0,0,1,0
1,0,25,26322.34,1,5,0,2,4,0,0,0,1,0,0,0,0,1
0,4,58,46463.14,1,6,2,2,2,0,0,1,0,0,0,0,1,0
1,4,59,85283.36,1,2,4,2,4,0,1,0,0,0,0,0,0,1
0,5,26,32014.48,1,1,1,2,4,0,0,1,0,0,0,1,0,0
0,0,51,71163.29,1,2,3,2,3,0,0,1,0,0,0,1,0,0
1,3,49,45249.96,1,4,2,2,2,0,1,0,0,0,0,1,0,0
1,2,25,50062.6,2,1,5,2,0,0,1,1,0,0,0,1,1,1
1,3,25,26663.26,1,5,3,2,3,0,0,1,0,0,0,0,1,1
0,2,37,79558.61,2,2,6,2,0,1,1,0,0,0,0,1,0,0
1,7,52,115477.56,2,6,5,1,0,0,1,1,0,0,0,0,1,0
0,6,45,78169.04,2,2,5,2,0,0,1,0,0,0,0,0,1,0
1,7,56,62487.79,1,2,5,2,2,0,0,0,0,0,0,1,1,0
0,7,46,77259.78,1,2,0,2,4,1,1,0,0,0,0,0,0,1
1,6,35,68302.92,2,0,2,2,0,0,0,0,1,0,1,1,0,1
1,7,56,101250.24,2,6,6,1,2,0,1,1,1,0,0,1,0,0
0,5,32,35572.29,1,1,1,2,4,0,1,0,0,0,0,1,0,1
0,6,30,57451.41,2,5,2,2,2,0,1,0,0,0,0,1,1,0
0,5,54,64054.14,1,2,4,2,4,0,1,1,0,0,0,0,1,0
0,5,39,46453.08,1,2,3,2,3,0,1,0,0,0,0,0,1,0
0,2,58,84955.22,1,2,1,2,4,0,1,0,0,0,0,0,1,0
0,2,42,77213.04,2,0,5,2,0,0,0,1,0,0,0,0,1,0
0,0,35,33921.27,1,2,5,2,2,0,1,1,0,0,0,0,0,0
1,7,25,29423.76,1,5,4,2,4,0,0,0,0,0,0,1,1,1
1,6,34,70317.89,2,5,6,2,5,0,1,1,0,0,0,0,0,1
0,9,32,30342.72,1,1,1,2,4,0,0,1,0,0,0,1,1,0
0,2,49,105555.83,2,4,6,1,2,0,0,0,0,0,1,0,1,0
1,4,32,35675.48,1,3,3,2,3,0,1,0,0,0,0,0,1,0
1,4,48,59580.31,1,0,2,2,2,0,0,0,1,0,0,0,0,1
1,2,34,48782.93,1,1,2,2,2,0,1,1,0,0,0,0,0,0
0,5,60,108254.83,1,2,1,2,4,0,1,0,0,0,0,1,0,0
0,5,39,36119.13,1,2,3,2,3,0,1,0,0,0,0,1,0,0
1,1,46,65631.47,1,2,0,2,4,0,0,0,0,0,0,1,1,0
0,2,35,52073.19,1,2,3,2,3,0,0,1,1,0,0,0,1,0
1,6,36,60890.95,2,2,6,2,0,0,1,1,0,0,0,1,0,0
0,0,25,35910.35,2,1,3,0,3,0,0,1,1,0,0,0,0,0
1,6,25,31151.56,1,5,4,2,4,0,1,0,0,0,0,0,1,1
0,3,46,53214.64,1,2,4,2,4,0,0,0,0,0,0,0,1,0
1,9,59,95459.78,1,2,2,2,2,0,1,0,0,0,0,0,1,0
0,4,58,51015.24,1,6,2,2,2,0,1,0,0,0,0,1,0,1
1,9,53,59504.19,1,6,3,2,3,1,1,0,0,0,0,0,1,0
0,6,39,88188.42,2,0,6,1,5,0,0,1,0,0,0,1,1,1
1,2,40,64616.96,1,4,2,2,2,0,1,1,0,0,0,0,1,0
1,2,55,36779.47,1,2,4,2,4,0,0,1,0,0,0,0,1,0
0,3,41,50831.11,1,4,5,2,2,0,0,0,0,0,0,0,1,0
1,7,45,80181.0,2,0,5,1,0,1,1,0,0,0,0,0,0,1
0,7,48,76838.94,1,4,6,2,2,0,1,1,0,0,0,0,0,0
0,3,41,58449.87,1,0,6,2,2,0,0,0,0,0,0,0,1,0
0,2,64,114395.57,1,2,0,2,4,0,0,1,0,0,0,0,1,1
0,4,49,40675.8,1,0,3,2,3,0,1,0,0,0,0,1,0,0
1,6,37,9681.37,1,4,3,2,3,0,0,0,0,0,0,0,1,0
0,7,37,45861.1,1,2,3,2,3,0,0,1,1,0,1,0,0,0
1,7,51,67968.46,1,6,3,2,3,0,1,1,0,0,0,0,0,0
0,3,51,56363.77,1,2,0,2,4,0,1,1,0,0,0,0,1,0
0,6,41,31007.44,1,4,3,2,3,0,1,0,0,0,0,0,1,0
0,0,50,70241.17,1,2,3,2,3,0,0,1,0,0,0,0,0,0
0,7,62,100818.83,1,6,0,2,4,0,1,0,0,0,0,0,1,0
0,9,62,89940.07,1,2,1,2,4,0,0,0,0,0,0,0,1,0
0,4,45,70091.04,1,2,6,2,2,0,1,0,0,0,0,0,1,0
0,7,47,83586.75,2,4,5,1,2,0,0,1,0,0,0,0,1,1
1,9,29,36131.31,1,1,0,2,4,0,0,1,0,0,0,0,1,0
0,7,44,28678.37,1,2,0,2,4,0,0,1,0,0,0,0,0,1
1,7,50,40771.88,1,2,5,2,2,1,1,0,0,0,0,0,0,0
0,4,52,39895.34,1,2,4,2,4,0,0,1,0,0,0,0,1,0
1,2,44,62834.73,1,2,5,2,2,0,1,0,1,0,0,0,0,0
0,7,67,72600.95,1,2,6,2,2,0,1,1,0,0,0,0,0,0
0,6,60,164195.87,2,2,5,1,2,0,0,1,1,0,0,1,0,0
1,3,25,27283.94,1,1,0,2,4,0,0,0,0,0,0,1,1,0
0,9,54,43151.92,1,2,2,2,2,0,0,1,0,0,1,0,0,0
0,9,45,46525.8,1,2,6,2,2,0,1,1,0,0,0,0,1,0
0,4,60,122472.53,2,2,6,1,0,0,0,0,1,0,0,1,0,1
0,2,54,107696.13,2,2,5,1,2,0,0,1,0,1,0,1,1,0
1,3,37,41860.67,1,4,3,2,3,0,0,1,0,0,1,0,1,0
1,7,37,63660.26,2,2,6,2,2,1,0,1,0,0,1,0,1,0
1,9,57,57115.01,1,2,3,2,3,0,1,0,0,0,0,1,0,0
1,3,70,66170.97,1,6,5,2,2,0,1,1,0,0,0,0,0,0
0,0,45,39846.19,1,0,3,2,3,0,0,0,0,0,0,1,1,0
0,7,38,58664.89,1,2,0,2,4,0,0,0,1,0,0,0,1,0
1,2,25,42345.69,2,1,2,0,0,0,1,0,0,0,0,1,0,0
0,3,31,39832.24,1,5,3,2,3,0,1,0,0,0,0,1,0,0
1,8,56,51425.6,1,2,3,2,3,0,1,0,0,0,0,0,1,0
1,6,25,39995.2,2,3,1,0,4,0,0,1,0,0,0,0,0,1
1,4,43,33464.32,1,4,3,2,3,0,1,0,1,0,0,0,0,0
1,8,25,26824.4,1,1,0,2,4,0,0,1,0,0,0,1,0,0
0,6,39,106212.21,2,0,6,1,5,0,0,0,1,0,0,1,1,1
0,9,46,53811.48,1,2,3,2,3,0,0,0,0,0,0,1,0,1
0,6,39,28542.04,1,4,1,2,4,0,1,0,1,1,0,0,0,0
0,7,36,62075.2,2,4,2,2,0,0,0,0,1,0,0,1,0,0
0,8,55,69587.89,1,6,4,2,4,0,1,1,0,0,0,1,0,0
0,2,34,101686.44,2,5,6,1,5,0,1,0,0,0,0,0,1,0
1,3,38,32946.57,1,2,3,2,3,0,0,0,0,0,0,1,0,0
1,2,29,20575.7,1,1,3,2,3,1,0,1,0,0,0,1,0,0
1,3,37,35926.72,1,4,1,2,4,0,0,0,0,0,0,1,0,1
0,2,39,53809.34,1,2,3,2,3,0,0,0,0,0,0,0,1,1
1,7,63,119344.43,2,2,5,1,0,0,1,0,0,0,0,1,0,1
0,6,28,57772.42,2,3,5,2,2,0,0,0,1,0,1,0,1,1
0,7,48,102989.71,2,4,6,1,2,0,1,1,0,0,0,0,1,1
1,7,55,75756.49,1,2,6,2,2,0,0,1,1,0,0,0,0,0
0,9,55,43230.62,1,2,6,2,2,0,0,0,0,0,0,0,1,1
1,3,36,64064.49,2,2,2,2,0,0,1,1,0,0,0,0,0,0
0,4,25,14181.56,1,5,3,2,3,0,0,1,0,0,0,0,1,0
0,6,41,79923.32,2,4,6,2,2,0,0,1,0,1,0,0,1,1
1,7,48,57842.05,1,4,2,2,2,0,0,1,1,0,0,0,0,0
1,7,37,67970.56,2,2,5,2,2,1,1,0,0,0,0,0,0,1
1,7,46,79048.43,2,0,5,2,0,0,0,1,0,0,0,0,0,1
0,7,32,43934.77,1,5,3,2,3,0,1,0,0,1,0,0,0,0
1,7,39,52831.72,1,2,4,2,4,0,0,0,0,0,0,0,1,0
1,6,33,46019.43,1,1,6,2,0,0,0,1,1,0,0,0,1,0
0,2,49,122376.39,2,2,6,1,2,1,0,0,0,0,0,1,1,1
1,7,54,98612.57,2,2,6,1,0,0,0,0,0,0,0,0,1,1
0,4,40,34502.98,1,4,0,2,4,0,0,1,0,0,0,0,1,0
0,6,32,42152.8,1,1,6,2,2,0,0,0,1,0,0,0,1,0
1,3,63,91968.78,1,6,4,2,4,0,1,0,0,0,0,1,1,0
1,2,28,44460.45,2,1,3,0,3,0,0,0,0,0,0,0,1,0
0,6,46,70377.44,1,2,0,2,4,0,1,0,0,0,0,0,0,0
0,3,36,41069.93,1,0,6,2,0,0,1,0,0,0,0,0,0,0
0,9,32,40743.89,1,5,3,2,3,0,0,0,0,0,0,0,1,0
1,7,46,90338.31,2,0,6,1,0,0,0,1,0,0,0,1,0,0
1,7,50,82702.83,1,2,3,2,3,0,0,1,0,0,0,1,0,0
1,0,56,66110.86,1,2,3,2,3,0,0,1,0,0,0,0,1,1
1,7,56,82636.38,1,6,5,2,2,0,1,0,1,0,0,0,0,1
0,7,48,59575.05,1,4,3,2,3,0,1,0,0,0,1,0,0,0
0,2,32,53004.85,2,3,5,2,0,1,1,1,0,0,0,0,0,0
0,0,55,76364.83,1,2,3,2,3,0,0,0,0,0,0,0,1,1
1,5,48,59133.65,1,2,3,2,3,1,1,0,0,0,0,0,1,0
1,6,44,71524.59,1,2,1,2,4,1,0,0,0,0,0,1,1,0
1,9,26,24307.76,1,5,4,2,4,0,1,0,0,0,0,0,1,0
1,6,48,48303.2,1,4,3,2,3,0,0,0,1,0,0,0,1,0
0,8,44,55254.39,1,4,5,2,0,0,0,1,0,0,0,0,1,0
1,4,25,29587.9,1,5,3,2,3,0,0,0,1,0,1,0,0,0
0,9,47,82060.52,2,2,2,1,2,0,0,1,0,0,0,0,1,0
1,5,25,20558.92,1,5,0,2,4,0,1,0,0,0,0,1,1,0
0,9,70,87529.79,1,6,3,2,3,0,0,0,0,0,0,0,1,1
1,1,43,66721.06,1,4,3,2,3,0,0,1,0,0,0,0,1,0
1,3,42,45942.95,1,0,5,2,2,0,0,0,0,0,0,0,1,1
1,7,40,66001.89,2,4,6,2,2,0,1,0,0,0,0,0,1,1
0,7,42,35219.56,1,4,3,2,3,0,0,0,0,0,0,0,1,0
0,7,35,65625.4,2,2,6,2,2,0,1,1,0,0,0,0,0,1
1,3,32,32715.51,1,3,3,2,3,0,0,0,1,0,0,1,0,0
0,7,41,65879.0,1,4,2,2,2,0,0,1,0,0,0,0,1,0
0,7,36,37489.05,1,0,3,2,3,0,1,0,0,0,0,1,1,0
1,7,32,50845.42,2,1,2,2,0,0,1,1,1,0,1,0,0,0
0,0,39,48888.64,1,2,3,2,3,0,0,1,0,0,0,1,0,0
0,3,58,68862.59,1,2,5,2,2,0,0,0,0,0,0,1,1,1
1,6,41,102368.85,2,2,5,1,0,0,0,0,0,0,0,1,1,0
1,9,25,26160.94,1,3,0,2,4,0,1,0,1,0,0,0,1,0
1,7,53,123803.24,2,6,6,1,0,0,0,0,0,0,0,0,1,1
1,2,46,62759.13,1,2,5,2,2,0,0,0,0,0,0,1,1,0
0,3,50,59763.19,1,2,2,2,2,0,1,0,0,0,0,0,1,0
0,2,37,46274.5,1,2,1,2,4,0,1,0,0,0,0,1,0,0
1,2,25,29087.99,1,1,3,2,3,0,0,1,0,0,0,0,1,0
1,2,70,87329.09,1,2,0,2,4,0,0,0,0,0,0,1,1,0
1,6,34,64295.86,2,5,5,2,0,1,0,1,0,0,0,1,1,0
1,7,49,98405.42,2,2,2,1,0,1,0,0,1,1,0,0,1,0
0,5,27,23780.08,1,1,3,2,3,0,0,0,0,0,0,1,1,0
0,9,62,69064.61,1,2,3,2,3,0,1,0,0,0,0,1,0,0
1,6,37,59379.56,2,2,6,2,0,1,1,0,0,0,0,0,1,0
